FeedbackId,UserId,FeedbackContent,ReplyContent,Timestamp
1,5,This system is running smooth,Good to hear this,1672444800
2,2,Overall good user experience,Thanks,1672593467
3,1,Impressed with the comparison result,It is a good result,1672828283
4,2,What is the admin doing,Maintain this system,1673396410
5,1,What should i do when i ran into a bug,Contact me,1673746034
6,3,How long for this project development,Couples of weeks,1673989471
7,3,What challenges this system faced so far,Algorithm,1674093964
8,3,Just trying to contact you,,1674252779
9,3,Impressed with the comparison result,It is a good result,1674678283
10,3,Just trying to contact you,,1674920203
11,1,This system is running smooth,Good to hear this,1675114889
12,4,Just trying to contact you,,1675359348
13,5,This system is running smooth,Good to hear this,1675572029
14,7,Just trying to contact you,,1675710631
15,8,This system is running smooth,Good to hear this,1676042369
16,12,Just trying to contact you,,1676198496
17,12,What challenges this system faced so far,Algorithm,1676324209
18,13,Just trying to contact you,,1676541839
19,13,What should i do when i ran into a bug,Contact me,1676767374
20,16,Just trying to contact you,,1676929821
21,18,What challenges this system faced so far,Algorithm,1677085692
22,20,Just trying to contact you,,1677310094
23,2,What should i do when i ran into a bug,Contact me,1677493881
24,2,Just trying to contact you,,1677649854
25,3,How long for this project development,Couples of weeks,1677873247
26,4,Just trying to contact you,,1678037643
27,3,What challenges this system faced so far,Algorithm,1678182297
28,1,How long for this project development,Couples of weeks,1678365882
29,1,Just trying to contact you,,1678512467
30,1,How long for this project development,Couples of weeks,1678687032
